{"cameraMode":{"drawMode":0,"name":"Shaded","section":"Shading Mode"},"sceneLighting":true,"audioPlay":false,"sceneViewState":{"showFog":true,"showMaterialUpdate":false,"showSkybox":true,"showFlares":true,"showImageEffects":true,"showParticleSystems":true},"in2DMode":false,"pivot":{"x":1038.3302001953125,"y":701.4754028320313,"z":-1081.7332763671875},"rotation":{"x":0.21971170604228974,"y":-0.22871169447898866,"z":0.053069066256284717,"w":0.9468915462493897},"size":2744.5166015625,"orthographic":true}